event,indicator,actual_change,original_estimate,refined_estimate,original_error,refined_error,error_improvement
Telebirr Launch,ACC_OWNERSHIP,11.0,2.2,10.725,8.8,0.27500000000000036,8.525
NFIS-II Strategy Launch,ACC_OWNERSHIP,11.0,6.0,26.325000000000003,5.0,-15.325000000000003,20.325000000000003
Safaricom Ethiopia Commercial Launch,ACC_OWNERSHIP,3.0,0.9,1.4625000000000001,2.1,1.5374999999999999,0.5625000000000002
Safaricom Ethiopia Commercial Launch,ACC_MM_ACCOUNT,4.749999999999999,1.6,2.0,3.149999999999999,2.749999999999999,0.3999999999999999
M-Pesa Ethiopia Launch,ACC_OWNERSHIP,3.0,2.2,3.575,0.7999999999999998,-0.5750000000000002,1.375
M-Pesa Ethiopia Launch,ACC_MM_ACCOUNT,4.749999999999999,6.0,6.0,-1.2500000000000009,-1.2500000000000009,0.0
Fayda Digital ID Program Rollout,ACC_OWNERSHIP,3.0,4.0,5.2,-1.0,-2.2,1.2000000000000002
Foreign Exchange Liberalization,ACC_OWNERSHIP,3.0,6.0,11.700000000000001,-3.0,-8.700000000000001,5.700000000000001
Foreign Exchange Liberalization,ACC_MM_ACCOUNT,4.749999999999999,2.0,3.75,2.749999999999999,0.9999999999999991,1.75
